Nusaiba,M
Nivash,F
Almasa,M
Gray,F
Jail,F
Falisha,M
Hadeer,M
Shafana,M
Astiak,F
Manu,U
Sondre,F
Jaysan,F
Theophilus,F
Kaspian,F
Darina,M
Ninavenus,M
Jisele,M
Caya,M
Sun,F
Jehon,F
Nowera,M
Kayembe,F
Jiaqi,M
Abedin,F
Loma,M
Sorana,M
Emeline,M
Abrahamthaitak,F
Sahara,M
Ghufran,M
Gitteelina,M
Nede,M
Afzal,F
Khodr,F
Vian,U
Mojtaba,F
Cansel,M
Maxence,U
Chanie,M
Caramon,F
Lari,F
Mowafak,F
Venelite,M
Zana,M
Obehi,M
Sathurijan,F
Leanna,M
Mariaava,M
Samer,U
Benoit,F
Aksel,F
Sharuson,F
Zohal,M
Hassine,F
Junaina,M
Shanjanaa,M
Yaqoob,F
Tanoj,F
Anthea,M
Lenius,F
Ann-Kristine,M
Lisenne,M
Mehti,F
Nitara,M
Masieco,F
Moniika,M
Hans-Jürgen,F
Katherinesara,M
Tate,F
Albertha,M
Buakaw,F
Damien,F
Dorethe,M
Anastassia,M
Stoney,F
Aashna,M
Annica,M
Rihan,U
Winichaa,M
Nicklais,F
Benedicté,M
Lek,U
Priesha,M
Ramesis,F
Naji,U
Swapnil,F
Om,F
Eriko,F
Tivon,F
Bellachant,M
Sila,U
Maleika,M
Arlind,F
Solomia,M
Gaghan,F
Parascheva,M
Jack,F
Kazuo,F
Israa,M
Eike,F
Ibragim,F
Lie,U
Nastasia,M
Safir,U
Blake,F
Nei,M
Cornelio,F
Aywin,F
Marion,F
Misja,M
Nadiya,M
Jeshaanaa,M
Jonella,M
Issis,M
Sabree,F
Niilas,F
Muneeba,M
Salomo,F
Shwan,F
Duzette,M
Love,U
Iranwoluwa,F
Athel,M
Torborg,M
Aaista,M
Como,F
Borghild,M
Figne,M
Saya,M
Ramis,F
Taleb,F
Luas,F
Ingjerd,M
Rojhat,F
Inor,F
Hayattin,F
Lakshan,F
Termann,F
Josjua,F
Famya,M
Holcha,M
Cozmo,F
Alem,M
Herkus,F
Neqeren,F
Clarice,M
Mahtab,M
Renee,U
Walaa,M
Jamin,F
Cabrina,M
Nur-Ahmed,F
Suzan,M
Raden,F
Jova,M
Tomek,F
Biaktinhnem,M
Sammad,F
Neil,U
Tunav,F
Aci,F
Dàibhidh,F
Juani,F
Moe,U
Celiane,M
Stellamina,M
Nicklavs,F
Ytta,M
Yobela,M
Nuet,F
Pemala,M
Reduan,F
Fro,M
Elsemarie,M
Delojan,F
Saboor,F
Barlas,F
Nali,F
Kimhan,F
Ingibjørg,M
Adrijus,F
Sissemaj,M
Hildegun,M
Mattie,M
Revan,F
Hannar,M
Lynn,M
Gul,U
Genowefa,M
Zhina,M
Hermod,F
Hosheng,F
Clarisse,M
Silona,M
Judite,M
Izabell,M
Ong,F
Hauke,F
Atlante,M
Felecia,M
Geanina,M
Salma,M
Sultan,U
Kadee,M
Gashbin,M
Ady,M
Trineline,M
Steffani,M
Basir,F
Melchizedek,F
Labika,M
Arturo,F
Ondieneke,M
Iliyan,F
Eski,F
Santher,F
Mustakim,F
Ilyaan,M
Antonius,F
Beyar,F
Siiriya,M
Ajas,F
Haim,F
Biddy,M
Vita,M
Kevan,F
Susanne,M
Berit,M
Vidarve,F
Teia,M
Job,F
Jephthah,F
Wai,F
Ann-Merete,M
Laugrits,F
Elisha,F
Abdulfatah,F
Shaine,F
Jibriel,F
Jeanita,M
Taj,U
Nalukui,M
Kimmy,M
Tivi,M
Juliemaja,M
Lanjin,M
Rine,M
Vickie,M
Hamud,F
Chand,F
Sreten,F
Freydis,M
Mahith,F
Qazafi,F
Miirabhai,M
Osvald,F
Amel,F
Mamadou,F
Ashwaq,M
Maimuna,M
Lill,M
Jørre,F
Ghena,M
Zeynel,F
Sirus,F
Güzel,M
Aaninnguaq,M
Catia,M
Rupen,F
Berthel,F
Janani,M
Anis,F
Cecil,F
Emmanuelle,M
Ragnfrid,M
Gary,F
Klarra,M
Miida,M
Jekaterina,M
Nataraj,F
Raffat,F
Nolah,M
Eza,M
Olava,M
Frencia,M
Ketti,M
Johnny,F
Noman,F
Najannguaq,M
Odbjørn,F
Toba,U
Tae,M
Majaliwa,F
Eleena,M
Catalea,M
Mohd,F
Aimé,F
Noleen,M
Anaam,M
Neema,M
Inèz,M
Ellenor,M
Arshida,M
Shimon,F
Izaan,F
Velin,F
Lawan,M
Kenn,F
Clennie,M
Cedeiro,F
Bin,M
Manilla,M
Niovi,M
Hwa,F
Havan,F
Lenin,F
Auraliiv,M
Bebe,M
Nmi,M
Tiana,M
Iulius,F
Indigo,U
Amela,M
Riemarrie,M
Menessa,M
Sindet,M
Sumayâh,M
Ayyûb,F
Kiaamalie,M
Ivon,F
Enjeh,M
Abdisamad,F
Harmindar,F
Cylver,F
Asti,M
Quendresa,M
Persille,M
Iara,M
Marchel,F
Luie,F
Zulu,F
Ermuunbileg,F
Mehrnoosh,M
Cabdirahman,F
Leeloo,M
Moshumi,M
Vu,F
Zein,U
Aswikan,F
Baani,M
Róbert,F
Óskar,F
Nadika,M
Jihaan,M
Marcelda,M
Hariychanan,F
Jiarui,F
Phi,U
Heintje,F
Natti,F
Ragnleik,F
Trice,M
Lucienna,M
Klavess,F
Tomoki,F
Logi,F
Atze,F
Herish,F
Figo,F
Valmund,F
Tayrin,M
Diren,F
Utuuniaq,F
Nano,M
Hajin,U
Norberto,F
Regner,F
Delvin,M
Rosine,M
Tehreem,M
Alfarouk,F
Andris,F
Yogansh,F
Tony,U
Ingerlisci,M
Saloumeh,M
Nur,U
Timas,F
Samyran,F
Yule,F
Tanya,M
Bennour,F
Reid,F
Parmida,M
Apenayaa,M
Dhruva,F
Liraina,M
Trias,F
Viviane,M
Hanskristian,F
Betty,M
Thachinsung,M
Huyar,F
Muhudin,F
Ridha,F
Acksel,F
Xiaoye,F
Yoginia,M
Azul,F
Jordi,F
Matiar,F
Aasa,M
Laurina,M
Ryan,M
Catalina,M
Mathurada,M
Aragorn,F
Yankoo,F
Helvig,M
Kennert,F
Hansmorten,F
Tilse,M
Othelius,F
Otilde,M
Husam,F
Glorija,M
Asalah,M
Niel,U
Solmoi,M
Laurent,F
Sigmundur,F
Aybyuke,M
Subeyda,M
Lonesmila,M
Alvá,M
Francoise,M
Vanora,M
Ayza,M
Necati,F
Libbe,M
Memnune,M
Yong,U
Zilpa,M
Taiz,F
Shaheen,F
Sorush,F
Eylem,M
Lysandra,M
Nataya,M
Betsey,M
Aden,F
Azuzhina,M
Banni,M
October,M
Cici,M
Lyzet,M
Hajera,M
Janjan,F
Arbër,F
Ion,F
Sahanah,M
Jérôme,F
Errol,F
Zenobta,M
Ara,M
Gandalf,F
Jobbe,F
Othilde,M
Villads,F
Intissar,M
Najmia,M
Nedziba,M
Waris,F
Sinamarie,M
Chriz,F
Noohr,F
Shahla,M
Tariku,F
Pradana,F
Abisha,M
Esias,F
Ceyda,M
Meng,M
Rashida,M
Avzem,M
Larzetty,M
Dasin,F
Enoh,F
Hinrich,F
Brianeli,F
Martyna,M
Anjay,F
Berenike,M
Aune,M
Blearta,M
Feri,M
Konrad,F
Laoura,M
Abdulsattar,F
Nete,M
Ursus,F
Vinzenz,F
Sayri,F
Tamoor,F
Nimah,M
Umeys,M
Saanjh,F
Samaran,F
Emmerence,M
Maidah,M
Haissam,F
Cali,M
Roshan,F
Mariglo,M
Árnína,M
Nathanali,F
Bojana,M
Antone,F
Stirling,F
Milija,F
Kyra,M
Mutua,F
Jehona,M
Ezékiel,F
Oceania,M
Garon,F
Uresa,M
Orbit,F
Raja,U
Mari,M
Rüya,M
Avneet,U
Kennie,F
Di,F
Nathishika,M
Alberthe,M
Hrafn,F
Ximan,M
Harlem,F
Bellanova,M
Diine,M
Ibbe,M
Ymi,F
Gudman,F
Elias,U
Lester,F
Targo,F
Marian,U
Rudy,F
Yeremia,F
Sjurur,F
Mettemari,M
Arsin,F
Nithilan,F
Halldor,F
Collin,F
Cloann,M
Bajram,F
Yuqi,F
Ernêrak,F
Amatey,F
Yijun,F
Huson,M
Òðinn,F
Jenna,M
Shawnem,M
Mido,F
Nazih,F
Rûbar,F
Srinesh,F
Sunny,F
Bailor,F
Richart,F
Randie,M
Jesmicas,F
Jeanette,M
Ernesto,F
Sanja,M
Jees,F
Ignacio,F
Xaliya,M
Wahhab,F
Igde,M
Mashakur,F
Umeyr,F
Ras,F
Elamariie,M
Ail,F
Carli,M
Tinah,M
Aimal,U
Waage,F
Fianko,F
Pindra,F
Surya,F
Prabhsimran,M
Coriina,M
Albrekt,F
Safet,F
Muringi,M
Camitta,M
Celil,F
Yaira,M
Erlind,F
Cristiano,F
Kasina,M
Senuri,M
Sanaya,M
Asir,F
Gilli,M
Valgerd,M
Al,U
Helale,M
Enesa,M
Kefas,F
Hawre,F
Hermilda,M
Kasper,F
Ousman,F
Adah,M
Nelion,F
Deeksan,M
Selma,M
Sanosh,F
Åsmund,F
Kamini,M
Sisca,M
Ayaybir,F
Zygmunt,F
Necole,M
Aufa,M
Jathusza,M
Saman,U
Bono,F
Wahaab,F
Fadima,M
Lama,M
Niela,M
Lya,M
Tong,U
Enna,M
Zanette,M
Nor,U
Krusemynte,M
Humairah,M
Sølvie,M
Petricia,M
Raoul,F
Tejt,F
Boone,F
Garthie,F
Walter,F
Kawar,F
Mohib,F
Majamaluca,M
Qamille,M
Ezekiel,F
Eoon,F
Toyodhi,M
Sicilla,M
Ilkan,F
Manesa,M
Alayah,M
Istvan,F
Anmol,U
Tasniim,M
Rakim,F
Shakiel,F
Be,M
Erena,M
Mertcan,F
Dora,M
Shad,F
Tullio,F
Stanny,F
Æsa,M
Anue,M
Azeem,F
Bille,M
Bane,F
Abraaz,F
Kristina,M
Bailasan,M
Marka,M
Ralia,M
Poulus,F
Farus,M
Asmahan,M
Aie,M
Vivienne,M
Bing,F
Ethem,F
Harri,F
Leontijana,M
Saadi,F
Afina,M
Faek,F
Svenja,M
Tade,F
Juljana,M
Chanel,M
Donni,F
Bukhari,F
Nelli,M
Siegmund,F
Meluca,M
Malfrid,M
Avake,F
Birgit,M
Takki,F
Vidar,F
Madriaz,F
Medeina,M
Keylala,M
Linh,M
Oudesho,F
Abdulrahind,F
Grianggrai,F
Soffía,M
Maui,U
Aadit,F
Anum,M
Chukwunazaekpere,F
Suhas,F
Sanella,M
Selia,M
Roney,F
Bernth,F
Madia,M
Lynnie,M
Orfeo,F
Gyamfi,F
Cane,U
Vicente,F
Alfuseni,F
Erika,M
Altmar,F
Hy,F
Oluwaseun,U
Eydis,M
Bekim,F
Jorn,F
Abinass,F
Isariya,M
Bentebet,M
Ngun,U
Taulant,F
Khushbakht,M
Finnian,F
Adobea,M
Sonni,F
Nyota,M
Poéssy,M
Kaoru,F
Mithrades,F
Koppány,F
Talya,M
Margus,F
Emiliea,M
Tuilik,F
Idelphonse,F
Andrass,F
Zhiyue,F
Elsemaria,M
Alandra,M
Cim,F
Svenaage,F
Frederico,F
Nethe,M
Naoto,F
Meely,M
Joffre,F
Ann-Louise,M
Bjirk,F
Zohra,M
Poulerik,F
Amaliee,M
Remas,M
Mihnea,F
Klaus,F
Esef,F
Marike,M
Arminas,F
Meshack,F
Baraa,U
Zackariah,F
Lezanne,M
Walleena,F
Julliah,M
Kotaro,F
Spencer,F
Selatin,F
Diam,F
Kæthe,M
Ulfa,M
Talip,F
Haoze,F
Shama,M
Claudy,F
Panda,M
Mettemaria,M
Sysser,M
Lanoja,M
Keshaliy,M
Matej,F
Hermandine,M
Fionasofie,M
Kezzia,M
Bee,M
Mayson,F
Pouya,F
Alyaa,M
Toni,M
Menaal,M
Guttorm,F
Íris,M
Waley,F
Koumba,M
Djinna,M
Flormiya,M
Hamdi,U
Laurentius,F
Emiley,M
Jonatthan,F
Jutha,M
Havard,F
Heath,F
Zakiya,M
Brinnie,M
Estefania,M
Randy,U
Kacheo,F
Rashdan,F
Tran,U
Qin,F
Janci,F
Syrine,M
Kizzie,M
Almotawakel,F
Anthoni,F
Afi,M
Akvilé,M
Laura,M
Hea,M
Aisvina,M
Annemi,M
Zafrullah,M
Ayo,M
Siinus,F
Muhumed,F
Kiran,U
Husein,F
Ilian,F
Mery,M
Nicki,U
Nienna,M
Norah,M
Ahrn,F
Seyit,F
Touleen,M
Arel,F
Ilmy,M
Joey,U
Jael,M
Ellamaia,M
Nyah,M
Ibrohim,F
Ellemijn,M
Sølver,F
Joos,F
Simohamed,F
Bhavesh,F
Gofran,M
Ahmednur,F
Ruman,M
Nestor,F
Chijioke,F
Sysset,M
Ashvika,M
Annfrið,M
Aye,F
Eigill,F
Maj-Lis,M
Servan,M
Lei,F
Alinea,M
Yusein,F
Lutfi,U
Analuna,M
Thorian,F
Lassee,F
Spire,M
Naglis,F
Ra,F
Karuna,M
Retaj,M
Shessa,M
Dahla,M
Alman,F
Makayla,M
Remy,F
Nelie,M
Bau,F
Arab,F
Konstantia,M
Orana,M
Orbal,M
Chintan,M
Sigurdt,F
Aunes,M
Valentine,F
Drevs,F
Maneet,F
Maybrit,M
Khadar,F
Timinet,M
Birke,U
Afeen,F
Ksavery,F
Nishimve,M
Arisha,M
Sewarius,F
Vishanth,F
Sellma,M
On,F
Florence,M
Navá,M
Ludvikke,M
Nourdeen,F
Dilani,M
Victory,F
Manon,M
Camilie,M
Murtadha,F
Periklis,F
Ilara,M
Ailo,F
Alvar,F
Aykan,F
Eliyah,U
Brizette,M
Rafi,F
Natsu,M
Ziagul,M
Novo,F
Joseline,M
Mars,F
Corneliius,F
