Neema,M
Blearta,M
Jehona,M
Iulius,F
Makayla,M
Auraliiv,M
Kiaamalie,M
Job,F
Nelie,M
Walter,F
Rupen,F
Jack,F
Juliemaja,M
Emeline,M
Mery,M
Andris,F
Alem,M
Yaira,M
Marka,M
October,M
Klaus,F
Muneeba,M
Damien,F
Joffre,F
Maxence,U
Catalea,M
Sreten,F
Kaspian,F
Ilara,M
Zhina,M
Kefas,F
Nimah,M
Brizette,M
Abrahamthaitak,F
Alfarouk,F
Yeremia,F
Nete,M
Selma,M
Nelion,F
Clarice,M
Obehi,M
Indigo,U
Afi,M
Tae,M
Lakshan,F
Fionasofie,M
Lanjin,M
Tade,F
Abraaz,F
Bailor,F
Gyamfi,F
Richart,F
Òðinn,F
Lezanne,M
Deeksan,M
Eza,M
Estefania,M
Sanja,M
Phi,U
Catalina,M
Eydis,M
Valmund,F
Naglis,F
Selia,M
Surya,F
Saya,M
Orana,M
Boone,F
Solomia,M
Ksavery,F
Safet,F
Jesmicas,F
Mohib,F
Joos,F
Dora,M
Acksel,F
Ingibjørg,M
Svenja,M
Aie,M
Oceania,M
Gudman,F
Vicente,F
Nethe,M
Tuilik,F
Famya,M
Ahmednur,F
Nitara,M
Maleika,M
Dilani,M
Waley,F
Zein,U
Lutfi,U
Tivi,M
Antonius,F
Seyit,F
Azuzhina,M
Mattie,M
Trice,M
Hadeer,M
Zilpa,M
Gitteelina,M
Corneliius,F
Lari,F
Libbe,M
Ousman,F
Afina,M
Trias,F
Mustakim,F
Kristina,M
Elias,U
Alvar,F
Kadee,M
Ady,M
Aci,F
Ann-Louise,M
Amela,M
Francoise,M
Ulfa,M
Regner,F
Rojhat,F
Luie,F
Samaran,F
Aimal,U
Theophilus,F
Jobbe,F
Lya,M
Betsey,M
Ghufran,M
Vu,F
Chand,F
Leeloo,M
Junaina,M
Manu,U
Shafana,M
Zana,M
Mithrades,F
Bille,M
Bhavesh,F
Bernth,F
Ion,F
Nelli,M
Almasa,M
Be,M
Chintan,M
Oudesho,F
Fro,M
Sjurur,F
Qamille,M
Adrijus,F
Termann,F
Chanie,M
Sorush,F
Parmida,M
Astiak,F
Mars,F
Shwan,F
Lama,M
Tasniim,M
Kawar,F
Ramesis,F
Vishanth,F
Mariaava,M
Madia,M
Bailasan,M
Nowera,M
Susanne,M
Israa,M
Biddy,M
Dorethe,M
Milija,F
Katherinesara,M
Solmoi,M
Hermandine,M
Sumayâh,M
Helale,M
Eleena,M
Zanette,M
Abinass,F
Mari,M
Ruman,M
Jova,M
Dhruva,F
Garthie,F
Benoit,F
Laura,M
Umeyr,F
Akvilé,M
Norah,M
Nur-Ahmed,F
Roney,F
Ryan,M
Buakaw,F
Abedin,F
Winichaa,M
Majamaluca,M
Konstantia,M
Nuet,F
Anthoni,F
Shakiel,F
Medeina,M
Jamin,F
Ilyaan,M
Uresa,M
On,F
Saadi,F
Sewarius,F
Rakim,F
Walleena,F
Novo,F
Sonni,F
Meely,M
Kenn,F
Kezzia,M
Sinamarie,M
Noman,F
Ibbe,M
Cristiano,F
Gaghan,F
Om,F
Jael,M
Othelius,F
Poulus,F
Aasa,M
Bee,M
Dàibhidh,F
Meshack,F
Farus,M
Meluca,M
Kasina,M
Shaine,F
Lanoja,M
Gandalf,F
Bjirk,F
Cecil,F
Andrass,F
Ernêrak,F
Zhiyue,F
Mariglo,M
Ninavenus,M
Salma,M
Linh,M
Asalah,M
Lie,U
Shanjanaa,M
Ra,F
Majaliwa,F
Zackariah,F
Aufa,M
Krusemynte,M
Eriko,F
Syrine,M
Ibragim,F
Lonesmila,M
Vidar,F
Donni,F
Nyota,M
Róbert,F
Khushbakht,M
Koumba,M
Eike,F
Sondre,F
Frederico,F
Heintje,F
Saman,U
Erena,M
Cabdirahman,F
Eoon,F
Baani,M
Jenna,M
Margus,F
Izaan,F
Avake,F
Haoze,F
Cozmo,F
Annemi,M
Altmar,F
Vanora,M
Toyodhi,M
Poulerik,F
Sellma,M
Dahla,M
Nestor,F
Moniika,M
Sissemaj,M
Sanosh,F
Alberthe,M
Arturo,F
Hamdi,U
Noleen,M
Alyaa,M
Rashdan,F
Mettemaria,M
Kotaro,F
Bellachant,M
Siinus,F
Ellenor,M
Almotawakel,F
Hajin,U
Åsmund,F
Tran,U
Ernesto,F
Clennie,M
Iara,M
Inor,F
Leontijana,M
Ridha,F
Aywin,F
Spire,M
Silona,M
Hassine,F
Ara,M
Elsemaria,M
Jisele,M
Hans-Jürgen,F
Ignacio,F
Jonatthan,F
Matej,F
Hea,M
Felecia,M
Jaysan,F
Tejt,F
Khadar,F
Kacheo,F
Antone,F
Sysser,M
Nor,U
Shessa,M
Æsa,M
Nadiya,M
Lill,M
Intissar,M
Mihnea,F
Ibrohim,F
Maimuna,M
Ayza,M
Asmahan,M
Mutua,F
Nei,M
Poéssy,M
Ermuunbileg,F
Husam,F
Arel,F
Suzan,M
Ann-Merete,M
Keshaliy,M
Ezekiel,F
Lei,F
Safir,U
Cici,M
Vian,U
Mido,F
Walaa,M
Helvig,M
Muhumed,F
Hayattin,F
Lenius,F
Arisha,M
Revan,F
Manilla,M
Shimon,F
Timinet,M
Sanaya,M
Cornelio,F
Kennert,F
Zeynel,F
Hannar,M
Samyran,F
Nataya,M
Nyah,M
Anjay,F
Emmerence,M
Prabhsimran,M
Stoney,F
Mashakur,F
Dasin,F
Yogansh,F
Khodr,F
Nadika,M
Vita,M
Petricia,M
Esias,F
Koppány,F
Athel,M
Mamadou,F
Jibriel,F
Mahith,F
Sharuson,F
Tilse,M
Kazuo,F
Sun,F
Ragnleik,F
Cane,U
Thachinsung,M
Hildegun,M
Jekaterina,M
Maj-Lis,M
Judite,M
Asti,M
Natsu,M
Ingerlisci,M
Camilie,M
Alinea,M
Baraa,U
Jérôme,F
Niilas,F
Nusaiba,M
Berenike,M
Jordi,F
Hauke,F
Iliyan,F
Naoto,F
Clarisse,M
Rafi,F
Stirling,F
Yule,F
Tiana,M
Sølver,F
Di,F
Priesha,M
Chukwunazaekpere,F
Zakiya,M
Nathanali,F
Ashwaq,M
Florence,M
Hermod,F
Arlind,F
Sysset,M
Jeanita,M
Hamud,F
Mayson,F
Elsemarie,M
Bing,F
Konrad,F
Anaam,M
Annica,M
Bukhari,F
Brianeli,F
Persille,M
Sayri,F
Noohr,F
Jeanette,M
Errol,F
Arsin,F
Ralia,M
Lynnie,M
Klarra,M
Jorn,F
Chanel,M
Jørre,F
Swapnil,F
Flormiya,M
Jail,F
Asir,F
Aybyuke,M
Cloann,M
Norberto,F
Hansmorten,F
Lek,U
Fadima,M
Celiane,M
Anue,M
Memnune,M
Faek,F
Kaoru,F
Tehreem,M
Juani,F
Arbër,F
Blake,F
Jiarui,F
Emmanuelle,M
Xaliya,M
Lynn,M
Quendresa,M
Arab,F
Djinna,M
Nicklavs,F
Saloumeh,M
Diam,F
Ong,F
Sirus,F
Shawnem,M
Jehon,F
Love,U
Raden,F
Samer,U
Camitta,M
Waage,F
Nalukui,M
Necati,F
Sicilla,M
Anum,M
Teia,M
Hajera,M
Benedicté,M
Árnína,M
Shama,M
Sanella,M
Aune,M
Pouya,F
Kimhan,F
Nolah,M
Sorana,M
Rüya,M
Niovi,M
Malfrid,M
Yankoo,F
Tamoor,F
Cedeiro,F
Harri,F
Parascheva,M
Jutha,M
Kimmy,M
Amel,F
Erlind,F
Villads,F
Yong,U
Nathishika,M
Masieco,F
Torborg,M
Sathurijan,F
Ayo,M
Geanina,M
Mertcan,F
Oluwaseun,U
Mathurada,M
Jonella,M
Duzette,M
Janjan,F
Laurentius,F
Delojan,F
Lysandra,M
Kasper,F
Venelite,M
Al,U
Elisha,F
Hariychanan,F
Naji,U
Nazih,F
Kamini,M
Sammad,F
Labika,M
Miida,M
Viviane,M
Ondieneke,M
Caramon,F
Yuqi,F
Ytta,M
Ayaybir,F
Hwa,F
Siegmund,F
Kyra,M
Isariya,M
Alman,F
Laugrits,F
Abdulfatah,F
Aden,F
Ail,F
Zenobta,M
Harmindar,F
Nastasia,M
Hrafn,F
Mehti,F
Afeen,F
Finnian,F
Leanna,M
Ethem,F
Óskar,F
Zygmunt,F
Rûbar,F
Aadit,F
Igde,M
Raoul,F
Spencer,F
Abdulrahind,F
Huyar,F
Enesa,M
Nivash,F
Remas,M
Freydis,M
Issis,M
Kiran,U
Arminas,F
Alayah,M
Marion,F
Saanjh,F
Vivienne,M
Lester,F
Marike,M
Mehrnoosh,M
Ximan,M
Shahla,M
Meng,M
Zafrullah,M
Pindra,F
Garon,F
Jihaan,M
Subeyda,M
Kæthe,M
Claudy,F
Raja,U
Ketti,M
Aswikan,F
Pemala,M
Srinesh,F
Adah,M
Ilkan,F
Frencia,M
Orbal,M
Bau,F
Cylver,F
Harlem,F
Remy,F
Vinzenz,F
Maneet,F
Kizzie,M
Miirabhai,M
Alvá,M
Enna,M
Guttorm,F
Menaal,M
Umeys,M
Nicklais,F
Ajas,F
Huson,M
Hermilda,M
Coriina,M
Taleb,F
Emiley,M
Abdulsattar,F
Fianko,F
Shaheen,F
Janani,M
Orfeo,F
Lassee,F
Shad,F
Senuri,M
Marian,U
Caya,M
Falisha,M
Zohal,M
Muhudin,F
Tunav,F
Ludvikke,M
Gul,U
Bono,F
Sigurdt,F
Bentebet,M
Julliah,M
Santher,F
Toni,M
Aashna,M
Ivon,F
Ymi,F
Aunes,M
Aksel,F
Tullio,F
Rine,M
Eigill,F
Eylem,M
Maui,U
Enoh,F
Sultan,U
Nataraj,F
Joey,U
Mowafak,F
Laurina,M
Menessa,M
Steffani,M
Cansel,M
Atlante,M
Talya,M
Nienna,M
Maybrit,M
Tate,F
Amatey,F
Moe,U
Tanya,M
Servan,M
Cali,M
Sølvie,M
Lucienna,M
Muringi,M
Navá,M
Ragnfrid,M
Manon,M
Istvan,F
Havard,F
Ashvika,M
Tivon,F
Logi,F
Berit,M
Tariku,F
Catia,M
Zulu,F
Eski,F
Laurent,F
Tong,U
Valentine,F
Gray,F
Utuuniaq,F
Husein,F
Orbit,F
Birke,U
Herish,F
Elamariie,M
Ziagul,M
Waris,F
Juljana,M
Ilian,F
Albrekt,F
Avzem,M
Gilli,M
Trineline,M
Saboor,F
Necole,M
Ras,F
Hinrich,F
Vickie,M
Berthel,F
Adobea,M
Janci,F
Marcelda,M
Delvin,M
Nmi,M
Othilde,M
Lisenne,M
Birgit,M
Apenayaa,M
Diine,M
Riemarrie,M
Luas,F
Xiaoye,F
Simohamed,F
Basir,F
Taj,U
Raffat,F
Annfrið,M
Hawre,F
Randie,M
Atze,F
Yobela,M
Toba,U
Afzal,F
Matiar,F
Stanny,F
Manesa,M
Selatin,F
Idelphonse,F
Ellemijn,M
Osvald,F
Reid,F
Herkus,F
Ngun,U
Yoginia,M
Avneet,U
Halldor,F
Niel,U
Anastassia,M
Natti,F
Kevan,F
Feri,M
Tinah,M
Bane,F
Victory,F
Melchizedek,F
Sigmundur,F
Takki,F
Aykan,F
Marchel,F
Beyar,F
Heath,F
Neil,U
Pradana,F
Larzetty,M
Betty,M
Najannguaq,M
Rihan,U
Barlas,F
Hanskristian,F
Chriz,F
Josjua,F
Timas,F
Tanoj,F
Glorija,M
Qazafi,F
Iranwoluwa,F
Ahrn,F
Alfuseni,F
Alandra,M
Misja,M
Niela,M
Tony,U
Johnny,F
Wai,F
Madriaz,F
Eliyah,U
Ingjerd,M
Celil,F
Martyna,M
Ramis,F
Reduan,F
Bekim,F
Nur,U
Carli,M
Lawan,M
Odbjørn,F
Wahhab,F
Humairah,M
Aragorn,F
Suhas,F
Tomek,F
Drevs,F
Aimé,F
Moshumi,M
Nede,M
Yusein,F
Qin,F
Stellamina,M
Laoura,M
Rosine,M
Borghild,M
Sabree,F
Joseline,M
Esef,F
Gashbin,M
Svenaage,F
Inèz,M
Otilde,M
Nano,M
Mohd,F
Periklis,F
Liraina,M
Tayrin,M
Ursus,F
Karuna,M
Taiz,F
Bennour,F
Neqeren,F
Cabrina,M
Targo,F
Genowefa,M
Jiaqi,M
Haim,F
Havan,F
Siiriya,M
Bebe,M
Jeshaanaa,M
Murtadha,F
Nali,F
Nicki,U
Bin,M
Darina,M
Jees,F
Nishimve,M
Retaj,M
Salomo,F
Yijun,F
Lyzet,M
Touleen,M
Chijioke,F
Haissam,F
Enjeh,M
Loma,M
Vidarve,F
Aaninnguaq,M
Sisca,M
Roshan,F
Sila,U
Sahanah,M
Anis,F
Figo,F
Ayyûb,F
Bajram,F
Jephthah,F
Sindet,M
Ailo,F
Kennie,F
Erika,M
Abdisamad,F
Nourdeen,F
Arshida,M
Najmia,M
Klavess,F
Hy,F
Taulant,F
Ellamaia,M
Grianggrai,F
Banni,M
Anmol,U
Azeem,F
Maidah,M
Tomoki,F
Gary,F
Mojtaba,F
Mahtab,M
Aisvina,M
Zohra,M
Ezékiel,F
Wahaab,F
Mettemari,M
Yaqoob,F
Bellanova,M
Azul,F
Collin,F
Como,F
Aye,F
Talip,F
Soffía,M
Ghena,M
Emiliea,M
Jathusza,M
Panda,M
Lenin,F
Nedziba,M
Valgerd,M
Gofran,M
Aaista,M
Holcha,M
Ceyda,M
Izabell,M
Kayembe,F
Nithilan,F
Keylala,M
Figne,M
Sahara,M
Biaktinhnem,M
Analuna,M
Randy,U
Ann-Kristine,M
Renee,U
Diren,F
Sunny,F
Anthea,M
Olava,M
Albertha,M
Brinnie,M
Velin,F
Ilmy,M
Cim,F
Rashida,M
Abisha,M
Güzel,M
Bojana,M
Íris,M
Hosheng,F
Thorian,F
Amaliee,M
Rudy,F
